total_objects_all,total_classes,cluster_std_dev,central_detection_size,num_per_clscar,average_size_car,num_per_clsbicycle,average_size_bicycle,num_per_clsperson,average_size_person,gaze_change_frequency,average_gaze_duration,gaze_dispersion,label,time_spent_in_car,time_spent_in_person,time_spent_in_bicycle,fixation_count_car,fixation_count_person,fixation_count_bicycle
13,1,262.6558820885006,6260.710509141907,7,12094.913999089173,1,22901.05700978636,5,111503.26103919045,0.0,12.25,1.4608629354906153,50.0,203,16,0,0,0,0
8,1,312.5865337147489,4867.945715680711,6,17080.197528406978,0,0.0,2,264314.5478666369,0.0,10.5,1.3030169058525618,40.0,219,16,13,0,0,0
8,1,342.62950901908897,725.3843630254269,6,11801.356901786445,0,0.0,2,270588.3774807444,0.0,10.5,1.1853244476367213,40.0,204,16,14,0,0,0
11,1,269.1023005883647,2293.447552504018,7,8492.80848229131,0,0.0,2,261185.4273043773,0.0,10.5,1.2858820268240638,50.0,183,16,14,0,0,0
13,1,280.8371595076589,7671.812731817365,8,7793.436250273602,0,0.0,2,169018.9426352391,0.0,10.5,1.590962926052306,50.0,163,23,14,0,0,0
15,1,238.41319031524668,7931.991067472845,4,8629.374905280536,0,0.0,4,280917.6616292065,0.0,10.5,1.847876670923684,50.0,29,89,14,0,0,0
18,1,166.066061471766,11859.214792955669,5,4815.816364632546,1,104329.77881976216,4,330787.4806461262,0.0,0.0,2.157875146425843,50.0,14,89,1,0,0,0
13,1,177.28022560717497,3306.7424382269346,4,3391.737782880665,2,3396.045675789937,3,472023.6054933276,0.0059880239520958,0.0,2.681334179861232,50.0,10,89,6,0,0,0
13,1,206.9103893069662,6800.858849063516,1,1561.5173810664564,7,38759.49370490121,2,521579.9190365896,0.0169660678642714,10.0,3.696415379147671,50.0,10,89,6,0,0,0
7,1,167.48164899626224,6464.0773665905,0,0.0,2,142592.52400635928,4,300892.87254068675,0.0219560878243512,10.0,4.358440177538567,55.0,10,82,6,0,0,0
9,1,168.08352235257016,946.2837752737088,3,1812.3451750688264,2,165254.10047008848,2,490057.5000936873,0.0219560878243512,10.0,4.213313151956607,55.0,1,0,6,0,0,0
4,1,223.76139731221025,615.2123922854662,1,615.2123922854662,0,0.0,2,540447.4737285428,0.022,10.0,4.037612556891597,45.0,0,0,6,0,0,0
3,1,118.74205387362736,847350.6871050401,0,0.0,0,0.0,2,639384.4773728997,0.016,10.0,3.805288834206337,55.0,0,0,0,0,0,0
4,1,155.05358495584898,9492.728758651763,0,0.0,0,0.0,2,533042.6742578084,0.005,0.0,3.442361103193638,65.0,0,0,0,0,0,0
5,1,213.66885317255984,1129.381206706169,1,1129.381206706169,0,0.0,3,310295.5080187172,0.0,0.0,2.744923150055345,65.0,55,0,0,0,0,0
5,1,187.0985004272881,86585.16097784042,3,1183.7854779958725,0,0.0,1,589720.1594902799,0.0,0.0,3.0323393542831893,65.0,55,0,0,0,0,0
9,1,265.68946758004404,595.4483452923619,4,1505.0887570818877,0,0.0,4,259177.5089114802,0.0,0.0,3.161724086448983,65.0,55,0,0,0,0,0
13,1,297.759104836793,3594.8398624286,6,1418.4256043772514,0,0.0,6,88115.31256094761,0.0,13.0,2.849174409332754,65.0,55,0,0,0,0,0
10,1,300.26789775765235,2058.680654335767,6,2121.462642807513,0,0.0,2,181169.55721803184,0.0019960079840319,13.0,2.6989679362823358,65.0,55,0,0,0,0,0
20,1,298.8840548559019,1219.1348277032375,13,2946.862004768193,0,0.0,2,128830.20658045931,0.0019960079840319,13.0,2.936103140722975,65.0,0,0,0,0,0,0
14,1,286.533038468991,1549.4490917846613,8,11540.27884608158,0,0.0,3,94452.60151608242,0.0019960079840319,13.0,2.727170229775828,20.0,8,0,0,0,0,0
3,1,266.0167126854262,998.0445209238644,1,998.0445209238644,1,4102.243745131418,1,3280.625921264291,0.0128087831655992,15.333333333333334,3.1302456770182085,0.0,0,0,0,0,0,0
3,1,107.86315701663132,848.7332420311839,1,848.7332420311839,0,0.0,2,5146.843091427349,0.0129870129870129,13.8,2.640064825235723,0.0,0,0,0,0,0,0
7,1,191.9347984950001,22095.58815962076,1,834.6543723419338,1,22095.58815962076,4,17576.626304667443,0.0129870129870129,11.333333333333334,2.754884142396361,0.0,0,0,0,0,0,0
5,1,260.3911448439459,736.9250402301606,1,736.9250402301606,0,0.0,3,2638.362628410958,0.0070140280561122,11.333333333333334,1.9011615100507055,0.0,0,0,0,0,0,0
5,1,241.78698374931548,816.6600245274603,1,816.6600245274603,0,0.0,3,2564.4949413228314,0.0019960079840319,12.6,1.4237750587678026,0.0,0,0,0,0,0,0
7,1,110.04255256966508,725.9548322707443,2,1983.559802401812,1,1508.2573384568095,3,2182.034541375005,0.002,13.0,1.404918412848823,0.0,0,0,0,0,0,0
5,1,190.3239703432237,527.1019830554701,2,1960.8478808440257,1,7101.786064300691,1,8594.811481400393,0.003006012024048,13.333333333333334,1.6706985830817531,0.0,0,0,0,0,0,0
5,1,262.0812177865628,4978.315608199689,2,1705.1374862988596,0,0.0,1,5140.7918902756655,0.0130260521042084,13.8,2.911926027904801,0.0,112,0,0,0,0,0
2,1,106.87831234744414,6168.969610869886,0,0.0,0,0.0,0,0.0,0.023,13.8,4.127697451831351,0.0,162,0,0,0,0,0
5,1,152.46594728000207,407.9689632765948,2,3859.85351312533,0,0.0,1,750.1004669219266,0.025,13.333333333333334,3.9222593989688335,0.0,162,0,0,0,0,0
7,1,262.8204319352802,477.8078251518309,3,4822.244032338494,0,0.0,2,1322.1889973189682,0.025,11.0,4.134785200295608,85.0,162,0,0,0,0,0
6,1,159.03925906476317,823.7754762992263,2,120354.15427959316,1,41222.85648999363,2,1996.5213584536689,0.024,10.0,4.017373720198772,85.0,162,0,0,0,0,0
4,1,179.77786331054736,534892.2827053815,2,271040.03731962515,0,0.0,1,5163.874179840088,0.014,10.0,2.9576710296367392,55.0,50,0,0,0,0,0
4,1,158.8932410043701,37805.92210195586,1,442549.1800891198,0,0.0,1,14519.624613571916,0.008008008008008,10.0,2.439850575968437,55.0,0,0,0,0,0,0
4,1,175.96169042734104,3408.6985597042367,1,66232.61664158106,1,6391.107934998355,1,3408.6985597042367,0.0040120361083249,10.0,2.04754472762393,55.0,0,0,0,0,0,0
6,1,218.47017576326652,2302.87713598833,2,2182.017767524349,0,0.0,3,3595.642552490346,0.004004004004004,10.0,2.0433796931027546,55.0,0,0,0,0,0,0
4,1,110.79881067193207,3521.4514513816684,1,3521.4514513816684,1,2119.8615968450904,1,4438.153852941471,0.009009009009009,10.0,2.6094162270889742,45.0,0,0,0,0,0,0
16,1,246.9551407158267,9197.846390884366,10,43063.56233912846,2,10649.513688039558,3,7628.91424576659,0.0054744525547445,11.0,2.3835983661229125,60.0,126,484,190,0,0,3
10,1,206.0501443518388,21918.57913736254,6,151126.74152453596,1,2250.661520898344,1,3984.270896986127,0.015,11.0,3.1020202005791258,60.0,165,437,103,0,0,3
13,1,199.51709624049363,43392.85243858581,8,93818.93063524771,1,1683.8222699314356,3,2494.587549146265,0.029029029029029,11.0,4.901044330233408,75.0,61,218,67,0,0,3
15,1,227.30267550473368,95114.27221929934,5,79446.60728231026,3,3280.717543968,5,3259.9382816392936,0.0391173520561685,11.0,5.882091754643339,80.0,45,260,137,0,0,3
15,1,253.32941527920235,549.4492779672146,4,64571.6952181561,3,6457.68366898224,5,3732.850230130181,0.0531594784353059,0.0,7.086790742711448,80.0,47,236,85,0,0,0
11,1,151.87956314743545,1224.46954241395,3,116530.69531513144,0,0.0,6,6146.316437457688,0.0541624874623871,0.0,7.363745537558409,80.0,82,215,152,0,0,0
13,1,241.74795180034064,29366.322873886664,3,18137.821979462165,1,15986.254540661466,4,20172.314512771125,0.064064064064064,0.0,8.34820946161744,85.0,96,243,195,0,0,0
10,1,237.723748153273,18457.50815346837,2,2526.8489921791474,1,18457.50815346837,2,100488.44497795588,0.0551102204408817,0.0,7.284872478182543,85.0,154,309,249,0,0,0
12,1,169.81630815852162,19081.858754098423,4,4597.827402009165,1,19081.858754098423,4,7692.866446922533,0.0459081836327345,0.0,6.62731621021408,85.0,182,260,179,0,0,0
14,1,176.36426379309793,10108.22127879784,2,12667.867028268054,4,4619.501098795794,5,10682.33042476168,0.0379241516966067,0.0,6.357592201139883,100.0,193,261,217,0,0,0
13,1,258.25528349701,5479.581558354199,3,12436.836102342231,6,8164.691637244697,1,34604.64373558762,0.0349301397205588,0.0,5.761491264686826,100.0,256,207,159,0,0,0
15,1,256.1741242642311,4374.697896569967,1,21192.443245816976,6,11923.896208582446,5,10832.513184603304,0.024,0.0,4.905062221493318,100.0,290,127,207,0,0,0
9,1,119.36465994069512,7825.809134311974,1,33152.96613583714,1,7825.809134311974,5,4851.678857566975,0.0259481037924151,0.0,5.062058491403186,100.0,232,59,203,0,0,0
7,1,158.86676477009456,3588.2098684832454,1,4483.356998674572,2,3833.2448038226,1,2188.288559848444,0.031,0.0,5.148497142456623,100.0,204,60,440,0,0,0
17,1,184.1975799279756,75611.43877380437,2,39276.9093162981,10,3859.026672475809,4,2756.763787514647,0.0320962888665998,0.0,5.264222974068658,100.0,191,136,620,0,0,0
17,1,235.77632994623443,90706.37549231852,2,46549.54696213408,9,3783.23477584836,5,2590.4432892454797,0.038038038038038,0.0,5.75185140622753,100.0,87,234,604,0,0,0
19,1,257.8059269296293,6700.786281514913,2,93535.6108497428,13,5643.980444750142,2,3092.7067794192158,0.037037037037037,0.0,5.987378140956533,100.0,0,343,616,0,0,0
21,1,207.6409091287126,8712.563649594775,2,19096.39026568306,15,8828.856953766568,2,8900.642608394846,0.0310932798395185,0.0,5.4623047596668615,100.0,0,343,560,0,0,0
18,1,215.73021209041903,9207.218127954751,0,0.0,14,13184.675393159168,2,23249.820446049795,0.025075225677031,0.0,5.140259470702243,100.0,0,342,323,0,0,0
7,1,189.7109293114784,3941.1544057130864,4,14551.857789482918,0,0.0,2,314894.10498615913,0.026508226691042,13.0,4.3482991720347295,50.0,12,9,20,0,0,0
7,1,243.25797367944185,875.6514412779361,4,14358.33245433541,0,0.0,2,371225.14349145535,0.029,10.0,4.368410814555988,10.0,12,9,20,0,0,0
7,1,225.69718417855705,1647.6307753957772,4,29673.889718203805,0,0.0,2,383028.4394947607,0.027,12.5,3.849355688785822,10.0,2,10,20,0,0,0
8,1,261.58104875685774,1480.5264889597893,3,45811.55079103913,2,1624.307025924325,2,392791.5704408502,0.014,15.0,2.6664412443506404,10.0,0,194,78,0,0,0
10,1,283.233840806184,3077.895119089628,2,56053.814537078615,2,1785.0446515772464,3,244756.3651860226,0.01,15.0,2.5643517871382224,10.0,0,282,79,0,0,0
12,1,230.24615827101832,4545.353463515646,1,74137.9763128664,1,4545.353463515646,5,146934.05625333934,0.021021021021021,15.0,3.7254516131064026,10.0,0,346,113,0,0,0
7,1,320.4178219046577,2292.2288623452187,0,0.0,1,14196.508815290406,4,187924.9772078693,0.021021021021021,15.0,3.740318634849256,10.0,0,346,113,0,0,0
8,1,203.987800272174,2056.1171769574285,0,0.0,2,73676.76135053392,4,268063.0861962056,0.021021021021021,0.0,3.8135480755419744,60.0,0,345,113,0,0,0
9,1,253.3670884135472,3239.354668222368,3,25832.353246029463,2,4146.517729056068,3,356771.2885489392,0.0209580838323353,0.0,3.83712653658534,60.0,0,161,46,0,0,0
11,1,251.7571520096476,9232.176453843693,4,7685.588571828323,1,9232.176453843693,3,269772.0308561434,0.0129870129870129,19.0,3.154458204294492,60.0,0,65,34,0,0,0
12,1,209.7313102292174,10747.919603364542,3,6504.816762575877,2,54502.28616932407,3,279332.37352549465,0.0019960079840319,19.0,2.117097532935689,30.0,0,16,0,0,0,0
9,1,275.6559534077773,5891.809684038162,4,39343.7654412319,0,0.0,2,363560.38801139686,0.0019960079840319,19.0,2.120620367751175,30.0,0,78,0,0,0,0
10,1,252.41484916274547,3873.821439743042,4,17966.12448674254,1,3440.8251876197755,2,373321.5126181226,0.0039920159680638,12.75,2.515297206309388,30.0,0,78,0,0,0,0
10,1,180.309406981072,3067.684745734557,2,15828.140088896267,1,8054.3595281839425,2,362059.7164015831,0.004004004004004,12.909090909090908,2.562297658355354,5.0,0,78,0,0,0,0
6,1,194.3928320815071,2581.249067164957,2,10269.43286095932,0,0.0,2,566178.0966987084,0.006,12.3,2.480049320238194,5.0,0,78,0,0,0,0
6,1,244.8487730757421,1961.796427913016,2,6751.731236787519,0,0.0,3,265973.8252681605,0.011,12.3,2.8982215733844923,5.0,0,62,0,0,0,0
7,1,265.8473222108466,749.0891833305359,2,5304.106259515513,0,0.0,5,242487.55554161244,0.011,12.3,2.8666568300814395,5.0,0,0,0,0,0,0
8,1,242.7721732329628,1116.0205710679293,4,33115.81029216014,0,0.0,3,205606.23823779976,0.011,12.75,2.8757144162398656,0.0,54,0,0,0,0,0
8,1,223.27452083236832,1414.904898673296,5,44614.76849857941,0,0.0,3,242406.3042815216,0.011,11.0,2.637444615284729,0.0,54,0,0,0,0,0
9,1,216.92836043413595,4069.8345476835966,4,41756.923013060354,1,9037.291466474531,3,328865.1593250011,0.0069860279441117,11.0,1.8957296474778187,0.0,54,0,0,0,0,0
14,1,222.6357035330991,1824.6830068677664,4,52104.27292715904,3,36560.10417394711,7,115384.5223805939,0.0,13.0,1.648823381010012,50.0,250,38,80,0,0,0
12,1,211.6591147321816,4270.831393087283,3,51788.84331879205,2,168436.9566324232,6,167699.62121441183,0.0,13.0,1.4949924731608446,65.0,194,71,0,0,0,0
13,1,202.1021999817592,80473.4229260888,4,20919.760916968346,6,98225.14572111145,3,303996.6461023719,0.0,14.0,1.4902159039953158,65.0,135,281,0,0,1,0
7,1,189.797086841639,1614.0681009739635,2,34919.88321767282,3,100503.9661473756,2,659044.6179176588,0.0,15.0,1.49482634352713,65.0,128,332,0,0,1,0
8,1,227.50402185737124,1138.9462342858317,4,21654.527152215123,0,0.0,4,308254.63564322144,0.0,15.0,1.234286706225154,65.0,103,453,42,0,1,0
12,1,228.9396826583329,1350.3576802834868,7,13988.873072412398,0,0.0,4,319193.68446339946,0.0,15.5,1.109791007052233,65.0,181,548,42,0,1,0
13,1,187.41504710324853,1297.7923568710685,8,12991.380612219684,0,0.0,5,655144.2009451579,0.0,18.0,1.0852689551396886,65.0,181,631,42,0,1,0
13,1,200.6792475419109,1336.782335422933,9,13649.488576378671,0,0.0,3,488987.15017750114,0.002,16.0,1.388724989497807,70.0,198,593,42,0,0,0
15,1,217.0411015401297,2018.30277628452,8,14144.455412131969,1,2018.30277628452,4,767434.1271037387,0.0029791459781529,16.0,1.6389845362472053,70.0,207,603,42,0,0,0
15,1,233.59973808890152,1873638.751610294,9,11159.916049363092,0,0.0,2,1236666.3880077451,0.0029732408325074,16.0,1.7612807919720672,70.0,347,526,0,0,0,0
15,1,151.0961690508029,1101.9914767742157,9,29391.472648822397,1,321820.5951833911,2,767397.2469323818,0.0059523809523809,16.5,2.335711166303203,25.0,501,406,0,2,0,0
17,1,173.80911830452288,1199.8069734424353,7,31910.71155910912,1,337091.7448216118,2,792811.2063185675,0.0059464816650148,14.333333333333334,2.335788573885204,25.0,655,297,0,3,0,0
13,1,188.08984883716255,1084.6178009435494,7,10258.129655944054,0,0.0,2,608391.4458893519,0.0029732408325074,13.5,2.2941227142418668,25.0,807,118,0,3,0,0
13,1,209.9535199103704,23867.461529374134,8,11944.788314166712,2,11606.585725005712,2,637798.6895565055,0.0029970029970029,13.5,2.2427195462966694,25.0,997,57,0,3,0,0
12,1,228.76199429507832,23053.373591020714,6,14673.811978807207,0,0.0,4,716136.0015784332,0.003003003003003,13.5,2.183028784970063,25.0,1008,13,0,3,0,0
8,1,201.8044715526855,27267.755412496623,4,10953.107291115448,0,0.0,2,624117.8564601275,0.0,10.0,1.7507682223124774,15.0,960,7,0,1,0,0
18,1,266.7165382608852,5013.421214103699,14,31885.904179456116,2,115639.1350437384,2,215793.86344353572,0.0109389243391066,11.4,1.8620409668861828,50.0,22,0,0,0,0,0
16,1,251.247510782696,3100.167691871524,9,39158.84371811012,1,126934.04101467144,2,175756.41914767682,0.012012012012012,11.75,1.8899336946615413,50.0,2,0,0,0,0,0
19,1,269.73317812748434,1312.3707331717014,11,17450.527976542202,1,153128.418124184,2,157188.0106676761,0.012012012012012,13.0,1.910044985054192,55.0,2,0,0,0,0,0
18,1,268.977272770476,2880.434911675758,13,33111.57012055868,1,148034.42346429068,1,258890.16473534703,0.0119760479041916,0.0,1.8817956812109484,55.0,2,0,0,0,0,0
14,1,297.3876087375507,3892.240348622195,11,47546.79471434048,1,145031.7522160114,2,151378.34905608557,0.0,10.5,0.626873554644807,55.0,0,0,0,0,0,0
10,1,308.90028068171387,9465.956967562435,8,58459.343519917165,1,134893.18101621047,1,257975.95360779483,0.0,13.25,0.7803655285376637,55.0,53,0,0,0,0,0
10,1,243.2694126623929,3236.235116779804,7,73495.16837234277,1,141346.2609279604,1,277030.7258624239,0.0,13.25,1.0245104317190752,30.0,56,0,0,0,0,0
9,1,231.13056469552512,6158.827885687351,8,62136.80458552104,0,0.0,1,237031.182502158,0.0,13.25,1.3873449347689573,30.0,56,0,0,0,0,0
8,1,291.2466663524217,7792.810983415693,5,99210.18792225096,0,0.0,2,78393.87189021148,0.0,12.8,1.3631721352234638,30.0,56,0,0,0,0,0
9,1,261.6086756610233,9033.20816534757,4,102554.00374137831,1,42500.409772485495,2,131476.8240433447,0.0,15.0,1.6473802762839809,30.0,57,0,0,0,0,0
16,1,240.82209421138504,759.2816826291394,9,26696.28956252388,1,137458.0436861515,2,119229.69826877397,0.0,15.5,1.889998694272505,30.0,54,0,0,0,0,0
17,1,230.85965092773495,781.8664169311523,10,14353.573509052769,1,170951.93792686053,2,156922.973335281,0.0,15.5,1.6558947537736872,30.0,51,0,0,0,0,0
18,1,251.8222299404501,925.9199777618088,9,11452.698876451695,1,145235.19088524207,2,112626.30906256846,0.0,14.666666666666666,1.4563973541883382,30.0,79,0,0,0,0,0
21,1,262.98420749004646,621.8395601883468,12,11388.832651104603,1,199482.6968599409,3,102804.60619910884,0.0,16.5,1.4528414210854512,30.0,238,0,0,0,0,0
17,1,255.68662738891024,5391.409136116514,10,13771.802948119304,0,0.0,3,71025.96528691053,0.0099800399201596,13.0,2.4584279083857283,75.0,369,0,33,0,0,0
18,1,315.72152685729924,678.241388976574,10,24827.38311595749,1,89161.12982100807,2,4464.394839238375,0.0119760479041916,15.5,2.85984359118968,75.0,520,0,33,1,0,0
14,1,263.378490021761,2043.428590781992,8,73192.35223048716,1,3146.109044775367,2,3834.45891835168,0.0119760479041916,15.5,2.958331683658388,75.0,718,0,33,1,0,0
13,1,254.0966642318378,2216.043553993109,7,83233.67634680973,1,5680.075509700924,2,127862.33410125878,0.0119760479041916,18.0,2.8582713971546743,75.0,832,0,33,1,0,0
5,1,305.1735346817252,22047.38125037402,2,14155.663901695982,1,146886.91108470783,2,68909.82262540326,0.0164684354986276,14.0,3.0263690560200565,50.0,483,0,0,0,0,0
4,1,246.72401084888685,14807.282530367367,1,14807.282530367367,2,141951.93038282538,1,118201.8151791729,0.0083769633507853,11.0,1.8116459596214285,0.0,356,0,0,0,0,0
5,1,290.9799781060586,10857.48611728103,3,9213.417032025758,1,178480.5146556458,1,83649.52786083659,0.0039920159680638,12.25,1.207583938841304,0.0,236,0,0,0,0,0
6,1,234.89608412441908,7377.283025801196,3,18910.936976345263,1,150189.03090329468,1,102848.84666231276,0.008,13.75,1.6370099876394606,0.0,113,0,2,0,0,0
3,1,327.9747549299695,5592.165530204773,2,6543.426946677268,0,0.0,1,79257.01768560335,0.008,14.5,1.8232028178344384,0.0,39,0,2,0,0,0
7,1,290.3019008494198,4198.933322852477,5,19579.234435574057,1,183967.7946755681,1,79636.10766862985,0.012,14.5,2.582612935167791,0.0,3,0,148,0,0,0
7,1,271.1044080582165,3683.3342953920296,4,5990.470126770435,1,178363.28679529575,2,86498.18920150213,0.016,14.333333333333334,3.181416899318356,0.0,3,0,148,0,0,0
8,1,303.90497071120683,2434.2398166060398,4,18159.10910614906,3,58498.24011834706,1,71301.06803678675,0.016,14.5,3.2126565592395115,0.0,3,0,148,0,0,0
10,1,260.6609023247449,2143.824342213579,5,10629.900795708598,2,279501.6679125708,2,75214.08115090337,0.012,14.0,2.875865294976895,0.0,67,0,146,0,0,0
6,1,265.32773661236905,1729.3714797869325,2,29564.63085836917,1,181227.2823074572,3,58842.64415605739,0.0159680638722554,12.666666666666666,3.254330501883293,0.0,255,0,154,0,0,0
4,1,267.61100413085774,1338.823259577155,1,1338.823259577155,1,170118.2859396562,1,84587.90994843934,0.0169660678642714,12.75,3.095193989100008,0.0,262,0,76,0,0,1
4,1,303.5768392965244,724.3699169531446,2,905.7224743757398,1,171725.03389142733,1,74717.54280443257,0.0129740518962075,13.0,2.643343343050835,0.0,274,0,76,0,0,1
7,1,214.4119987319133,1203.1658795177937,2,244196.45137299065,1,208759.3390255496,1,107278.90408436302,0.0129740518962075,15.333333333333334,3.0039846650217146,40.0,349,0,76,0,0,1
10,1,230.4531231653993,981.9654873870346,5,39414.27862791484,1,164048.6500141172,1,85652.28051058715,0.0089285714285714,15.333333333333334,2.353777891772342,40.0,331,0,76,0,0,1
11,1,232.1884323893878,47034.18771989644,6,15167.580925662069,1,174244.99362158775,1,75604.39475879353,0.0089463220675944,14.25,2.367854038063909,40.0,175,0,68,0,0,1
7,1,272.657050898732,20466.38833846897,5,10588.773216559644,1,190388.76472897828,1,103941.35073825718,0.003976143141153,13.5,1.814503328944881,20.0,175,0,0,0,0,0
5,1,223.93136402182725,11700.313762910671,3,16811.822756849233,1,183219.07152453624,1,119285.3192686038,0.0049701789264413,18.0,2.1205427355035704,20.0,178,0,0,0,0,0
7,1,262.7545577404314,7275.455037251115,2,7714.49729885906,1,211469.255724214,2,76150.44706684165,0.0059642147117296,18.33333333333333,2.16810884587226,25.0,124,0,0,0,0,0
13,1,235.7498304564328,1204.977124068886,8,22272.276878615023,1,41221.44513934851,3,1188.4165450036526,0.0118721461187214,10.5,3.477925267874652,50.0,4,150,0,0,1,0
15,1,268.089890253273,923.2359295561938,7,12757.14052821822,4,3103.8883565235883,4,1766.2567190676928,0.01,11.0,3.080821518842543,55.0,1,328,3,0,1,0
24,1,274.19821554193084,1143.359777703878,8,8766.617865124805,6,15045.989877022808,9,7375.432621601345,0.009,16.5,2.864527221920852,55.0,1,349,3,0,1,0
16,1,247.82440908625057,1701.8308973237872,7,23225.666007512915,5,20629.91657060087,3,4064.570352099836,0.01,16.5,2.930224471878172,55.0,1,442,3,0,1,0
17,1,252.16008139077536,90.1106448322547,8,8941.129646023706,1,17848.00124824047,5,8832.108973452448,0.013,16.5,2.9790850961503867,55.0,11,479,3,0,1,0
17,1,228.81211171493496,2572.465296629811,6,5223.562708894023,6,22146.45858903228,4,34250.583578270394,0.014,16.5,3.098716603468954,55.0,11,399,3,0,0,0
13,1,240.928150579741,224.4113909080625,7,6059.243752455572,3,14329.78058435768,2,6354.223997287452,0.014,15.333333333333334,2.924175423149678,55.0,11,203,0,0,0,0
14,1,192.1766472395235,141.2168887630123,5,11139.14416009784,2,15030.47828500718,4,11525.02476248704,0.012,15.666666666666666,2.653951191880288,55.0,53,135,0,1,0,0
16,1,294.9380949326347,179.52402256429394,9,6149.774362717753,2,11900.019968122244,2,13846.008688241243,0.02,15.666666666666666,3.402402186164829,35.0,64,42,0,1,0,0
8,1,246.31966002680787,1778.9016069620848,5,32085.970946700127,1,74059.38128594309,1,61352.58238003403,0.012012012012012,15.666666666666666,2.7790996580491254,35.0,53,0,0,1,0,0
10,1,227.09767976918107,201.05820680781963,7,36533.95531223009,0,0.0,0,0.0,0.0090270812437311,18.0,2.533028003290497,35.0,124,0,0,1,0,0
17,1,265.0752343045435,354.37633500247875,6,46752.51770182885,2,6004.225652318448,6,2587.529240807513,0.009009009009009,23.0,2.5427387280463085,35.0,124,0,0,1,0,0
15,1,187.23490123654784,500.8886863589325,8,37764.05045437999,2,7852.797514513135,1,1196.4756276533008,0.0090270812437311,10.666666666666666,2.282065910848396,35.0,84,0,0,0,0,0
16,1,195.0937351728026,788.2578375041575,8,45328.838940038695,2,11146.932809259742,1,1829.1504068300128,0.0,10.666666666666666,1.1726954146416615,35.0,73,0,0,0,0,0
16,1,184.49382560788916,1518.6743649914945,9,34615.75087557154,2,16034.624889582396,2,3911.599212858826,0.0,10.5,0.7579191915504353,35.0,171,0,0,0,0,0
18,1,195.3546006322361,1171.3823886662676,10,30728.84656224344,1,20163.429926544428,3,7129.369195570548,0.0,10.5,0.61924242100899,70.0,393,0,0,0,0,0
18,1,255.14595359871404,2406.535962868482,8,39358.99526176648,2,12318.41177498551,2,12787.658211261034,0.0,10.666666666666666,0.9680618381522036,75.0,676,0,0,0,0,0
12,1,244.08808773286415,1228.7233762443102,8,34436.60311017651,1,6824.8201984763145,3,3244.1292087361217,0.0,10.0,1.2140831632956433,75.0,705,0,0,0,0,0
11,1,251.63302974769505,3018.807200096548,7,23499.92029890418,2,4780.072740842588,2,2421.0475707841106,0.0,10.0,1.282134063671273,75.0,705,0,0,0,0,0
10,1,214.0192438590471,2747.9927294254303,9,22471.36156581109,0,0.0,1,2883.481208369136,0.0,11.666666666666666,1.3922426552503682,75.0,607,0,0,0,0,0
11,1,242.89381034381904,1657.1682027429342,10,38680.58895052541,1,5493.536811341532,0,0.0,0.0,11.5,1.2607180964748046,50.0,314,0,0,0,0,0
4,1,147.75361922072935,881.3763477131724,3,29500.51651454717,0,0.0,0,0.0,0.0036529680365296,14.333333333333334,1.3545028615444292,50.0,212,0,0,1,0,0
2,1,25.02978689482849,1005.318097025156,1,1005.318097025156,0,0.0,1,2043.57936412096,0.0010030090270812,11.5,1.0690171651992273,20.0,111,0,0,0,0,0
4,1,80.31973405635138,1419.5528324246409,1,1419.5528324246409,1,1759.7831699252129,1,3242.570560052991,0.0039920159680638,11.0,1.589267504159506,20.0,41,0,0,0,0,0
6,1,218.2131698027248,1318.5338580608368,2,1389.1054057739657,1,2220.001991920173,1,5898.326366655529,0.0059880239520958,11.0,2.123070608506389,45.0,115,0,0,0,0,0
6,1,363.5721316624781,1058.6590568125237,2,1565.5047087986063,1,8257.373169600964,1,8038.506211638451,0.013,10.5,3.3537324477740302,45.0,204,0,0,0,0,0
6,1,112.46702941931925,2261.6105492524803,4,1613.6790048116818,0,0.0,0,0.0,0.016,14.5,4.274269954034806,45.0,296,0,0,0,0,0
7,1,111.01215565891448,1453.8069101572037,6,2444.188682466746,0,0.0,0,0.0,0.016,14.5,4.5592744780156265,45.0,299,20,9,0,0,0
9,1,200.31876830803037,3039.219786554588,7,7600.674436563628,0,0.0,1,4574.734448321164,0.0190380761523046,19.0,4.673726468968678,35.0,311,20,9,0,0,0
7,1,171.740845536564,9816.054488047956,6,5104.411481233314,0,0.0,0,0.0,0.0170340681362725,16.5,4.116757491346451,35.0,217,20,9,0,0,0
7,1,289.2639201494836,11465.620323758572,4,10220.55477465503,2,8633.903016339988,1,14349.453013390304,0.01,15.333333333333334,2.985844358102988,30.0,131,20,9,0,0,0
6,1,268.42444775451713,10884.173128634691,2,25573.564468503,2,6098.974751818925,1,8856.179820388556,0.0070210631895687,13.5,2.20341143347489,30.0,167,20,9,0,0,0
9,1,311.2959626070911,9004.74045574665,8,26007.639573238102,0,0.0,1,4807.611205279827,0.006006006006006,13.5,1.81518711456606,30.0,313,0,0,0,0,0
9,1,263.9153841118028,7832.315406069159,9,19853.12756311769,0,0.0,0,0.0,0.0,13.5,1.6322902281222724,30.0,355,0,0,0,0,0
10,1,239.6032328493452,503.4932464677841,6,13093.021520920252,0,0.0,2,2894.013335175812,0.002002002002002,12.5,2.1200512320886387,30.0,459,0,0,1,0,0
12,1,265.17161238243904,981.9950424134732,8,7114.557609842974,0,0.0,1,4094.857274025679,0.008008008008008,12.0,2.7330069309515683,30.0,624,0,0,1,0,0
15,1,218.08159550433373,20931.774690002203,9,8001.99725249182,0,0.0,1,3088.266591489315,0.0179640718562874,12.0,3.968843732080876,0.0,517,0,0,1,0,0
16,1,210.69799805433223,18963.644531138256,6,8120.993532085794,1,3102.188556298613,1,3411.987178310752,0.024,14.0,4.449141280711007,0.0,456,0,0,1,0,0
10,1,234.9961205342701,19828.090651609004,4,11711.785653683355,1,3273.2581515312195,1,2760.559068828821,0.026,14.0,4.298694773943805,0.0,476,0,0,1,0,0
8,1,313.2960551498811,548.7831422612071,7,7013.225063962322,0,0.0,1,3075.813141368329,0.025,19.33333333333333,4.192841353964307,0.0,381,0,0,1,0,0
7,1,163.02536333824955,3273.105639383197,6,32461.7680581077,0,0.0,0,0.0,0.000914913083257,10.0,2.193424704080497,50.0,48,320,0,0,0,0
9,1,211.3539161777071,929.8648586645722,4,11542.408155877143,0,0.0,2,720.8296670615673,0.0,0.0,1.7420746268324323,60.0,34,485,0,0,0,0
10,1,79.98279565195757,1597.4194979220697,5,8531.677957512435,1,2977.910535648465,1,1597.4194979220697,0.0,0.0,1.6676392303156953,60.0,0,510,0,0,0,0
10,1,116.42180418175175,1968.721359103918,5,55576.47325377166,0,0.0,2,1414.1125496551394,0.004,0.0,2.313506919689316,65.0,0,592,0,0,0,0
10,1,129.5341437116772,1290.7832047194242,4,17369.1229072921,0,0.0,4,3164.767268478869,0.004004004004004,10.0,2.312625177818526,65.0,110,621,0,0,1,0
9,1,152.9113474779586,894.6354360580502,5,15739.445712004605,0,0.0,2,3384.448365591469,0.004,10.0,2.157673186740907,85.0,110,654,0,0,2,0
10,1,167.26742686236153,531.2998752593994,5,15468.2215143892,0,0.0,2,5195.266080278907,0.004004004004004,10.0,2.372568096459844,90.0,110,632,24,0,2,0
8,1,130.92760052007037,999.2010357230902,5,6413.521694337573,0,0.0,2,13817.098757475616,0.004004004004004,10.0,2.312958081342833,90.0,110,705,30,0,2,0
8,1,181.1747876067395,1304.0269008055363,4,7324.846053095998,0,0.0,3,37684.38820385934,0.0,10.666666666666666,1.7822959311792956,90.0,111,644,30,0,2,0
10,1,148.2541066727632,633.8537635803223,3,4334.269370185212,0,0.0,3,2643.038401648408,0.002,11.0,2.1877616270285105,90.0,1,734,30,0,1,0
16,1,296.445289804854,986.8355555534292,3,4466.411904534325,1,1690.9163001179695,5,3509.098346545551,0.003,12.0,2.730542722714447,90.0,2,659,88,0,0,0
15,1,169.18253091180836,1947.312786899507,2,2734.964635033166,1,2289.86337876319,7,4014.600879653756,0.004,12.0,3.170968428181394,90.0,14,598,110,0,0,0
21,1,176.69820739050047,5343.55040743947,2,2490.695910304785,1,2899.9413677304983,11,9391.470795602285,0.004,12.0,2.933315420620944,90.0,14,673,253,0,0,0
17,1,165.71385252114408,23696.28694653511,5,27644.69273238275,1,4525.415958121419,5,3502.947285196557,0.006,0.0,3.247044568408893,90.0,14,747,285,0,0,0
10,1,172.12814741317553,15670.38333374262,3,101475.25919395406,0,0.0,4,5925.666557237506,0.004,0.0,3.531237500599795,90.0,14,633,348,0,0,0
13,1,183.31718468989956,538.50307078287,4,49019.41718005389,2,9916.822201117871,5,6265.764409394469,0.012012012012012,11.0,3.810278585402122,90.0,200,508,290,1,0,0
17,1,182.39202163394253,846.8594527244568,6,19544.672552762557,3,11608.72995378077,6,9013.461749963464,0.011,10.5,3.015355716350405,90.0,389,426,244,2,0,0
17,1,188.9580965761925,1381.201321810488,5,15481.987217672917,1,11920.11460699886,10,4231.167519720644,0.011,10.333333333333334,2.867288775767771,90.0,406,226,95,2,0,0
12,1,126.67427646329044,5503.258479952812,3,10195.436268791556,2,16355.096396449951,5,10321.332751269263,0.009,11.5,2.049430588689263,80.0,405,90,63,2,0,0
17,1,221.33892559268847,613.8963369503617,8,5319.903748435434,1,47567.62952801585,7,13394.88110721178,0.009009009009009,11.5,1.3800882899238351,80.0,405,0,0,2,0,0
6,1,253.15429976888177,2513.318740323188,2,65434.40308030508,1,2740.5096975266933,1,6547.015320807695,0.010948905109489,0.0,3.4139003554186447,25.0,252,66,0,0,0,0
8,1,219.0607960807449,2643.7183916419744,2,111113.23114444502,1,3566.3728964030743,1,7154.858753800392,0.008,10.0,2.775627170431072,25.0,146,66,0,0,0,0
8,1,212.06681898935955,2644.251861423248,2,136026.91429407522,1,2322.8725850880146,1,5258.130409151316,0.006006006006006,10.0,2.51267270521816,25.0,146,61,0,0,0,0
8,1,210.3829422011119,2645.524977900096,2,144099.55362188816,1,1461.2771208286283,1,3519.067540168762,0.008008008008008,10.0,2.327866031325561,25.0,146,1,0,0,0,0
7,1,220.7454314297898,2542.9841445609904,2,142434.57409743033,0,0.0,1,2238.7869434058666,0.0140421263791374,10.333333333333334,2.905077446299323,0.0,69,61,0,0,1,0
8,1,211.4652476337793,2631.1386689543724,3,94563.78777905367,0,0.0,1,1754.381378442049,0.0170511534603811,12.5,3.1743234967685527,0.0,0,100,0,0,2,0
10,1,187.2533547769428,2907.7916714921507,5,49516.94308648668,0,0.0,1,1162.634306821972,0.0190571715145436,13.0,3.301873034615179,0.0,0,100,0,0,2,0
12,1,180.25684149912965,3513.0084760710506,7,14127.182811002114,0,0.0,0,0.0,0.023,13.0,3.89536682257739,0.0,81,100,0,0,2,0
13,1,260.2516674254902,6728.180746994913,5,13339.456372565031,1,28588.282727122307,0,0.0,0.0240480961923847,13.0,4.306808289170854,0.0,84,100,0,0,2,0
14,1,250.3635241820156,873.2044800817966,4,14790.73591224756,1,2496.3283985853195,2,1803.1424026228487,0.016,12.333333333333334,3.897495122533493,0.0,84,40,0,0,1,0
12,1,290.3802409766806,700.9770290851593,5,19639.37268481329,2,2648.055245503783,2,1994.3557212604203,0.011,0.0,3.370463383049076,0.0,84,0,0,0,0,0
6,1,224.65025559565797,2702.718416556716,4,25312.34113763832,1,3160.5092664062977,0,0.0,0.009009009009009,0.0,3.305893650069242,0.0,84,0,0,0,0,0
7,1,266.42121072030665,1102.3736990056932,4,13181.868548698025,0,0.0,1,478.00558188557625,0.0060180541624874,0.0,2.633456530751974,0.0,3,0,0,0,0,0
9,1,275.7479737225521,4032.48373746872,4,8250.990552465431,1,4863.587122064084,1,4032.48373746872,0.003003003003003,0.0,2.2001822713188464,0.0,0,0,0,0,0,0
9,1,275.4265499373232,12847.960076026618,4,13369.639230921865,1,10556.97053913027,2,4248.86532980483,0.003003003003003,10.75,1.647331622486502,0.0,0,0,0,0,0,0
7,1,279.7108741050524,4170.041936963791,5,18889.096432350576,0,0.0,2,1221.852466180455,0.003003003003003,10.75,1.5323214699462748,0.0,0,0,0,0,0,0
7,1,274.5726524253934,1256.0611113198102,5,6049.57985483841,1,7096.053052498028,1,4237.716125160461,0.003,12.6,1.486733744070693,0.0,0,0,0,0,0,0
13,1,237.7195176373447,1075.1997695937753,1,4349.095990352333,0,0.0,4,3980.876989139244,0.0082191780821917,14.833333333333334,3.1742118784121267,5.0,20,21,0,0,0,0
14,1,277.5323490275804,4366.684804916382,4,1762.9919517479284,0,0.0,5,3532.9092277672617,0.007007007007007,15.75,2.685662293176805,5.0,8,0,0,0,0,0
7,1,310.0669212852215,776.6429396867779,6,2030.36252310313,1,5185.279032155871,0,0.0,0.009,15.2,2.7544937025212204,5.0,8,0,0,0,0,0
10,1,183.25169864587053,821.7386217713356,7,2487.78715316153,2,3604.1402023136616,0,0.0,0.007,14.142857142857142,2.12040692853378,5.0,1,0,0,0,0,0
15,1,178.64461038656307,688.4894707873464,9,5713.591369371965,0,0.0,5,3384.51549192518,0.007,14.833333333333334,2.060491009569035,5.0,1,0,0,0,0,0
11,1,231.18517052838908,579.5290070772171,11,8715.953274604526,0,0.0,0,0.0,0.002,13.6,1.2595480119179,5.0,0,0,0,0,0,0
9,1,189.27014151287756,2439.47817831114,9,6507.822292500486,0,0.0,0,0.0,0.002,13.0,0.9931313608663952,5.0,0,0,0,0,0,0
8,1,82.48103543193666,2453.5889494381845,8,2987.9494180192705,0,0.0,0,0.0,0.0,12.333333333333334,0.8911520738362698,5.0,0,0,0,0,0,0
11,1,214.9789592516051,750.9633992090849,10,8728.500045065022,0,0.0,0,0.0,0.0,13.25,1.0693814844504843,5.0,0,0,0,0,0,0
10,1,238.01001669215924,743.2091948390007,10,5969.205070871115,0,0.0,0,0.0,0.0,13.0,1.107520979050314,5.0,0,0,0,0,0,0
12,1,207.91416646344177,535.3791220039109,10,10362.36009048475,0,0.0,1,2295.0786344110966,0.0,14.6,1.212836817921226,5.0,8,0,0,0,0,0
9,1,231.50487738843592,667.2375292628977,8,11833.55259543343,0,0.0,0,0.0,0.0,14.6,1.4804400118776873,5.0,8,0,0,0,0,0
13,1,259.96506623821017,301.3685879856348,5,1710.4311594210562,0,0.0,6,1822.353412017692,0.0,14.6,1.5079382435606712,5.0,8,0,0,0,0,0
19,1,251.83158572027725,705.8450111970305,8,4497.758409543108,0,0.0,6,1382.0447487363415,0.0,14.6,1.406162014980307,5.0,8,0,0,0,0,0
20,1,225.73132126325385,527.4518880844116,3,817.4977587386966,0,0.0,9,4231.458455361426,0.0,11.5,1.353801671830417,5.0,8,0,0,0,0,0
9,1,272.54284571275275,173.91215097159147,3,773.2274407446384,0,0.0,2,1189.511164427895,0.0,10.5,1.213844402753356,0.0,0,0,0,0,0,0
11,1,237.38590915314376,354.0051969364306,5,604.5756642214965,0,0.0,2,2636.1857312070206,0.0,0.0,1.113019165033449,0.0,34,0,0,0,0,0
12,1,209.5777814037751,1292.7568152174354,5,960.9660208635024,0,0.0,2,744.9202678352594,0.0,0.0,0.9393296786841469,0.0,34,0,0,0,0,0
14,1,255.18108485520105,22406.101537238806,8,77476.90411284394,0,0.0,2,1008.0456681512284,0.0255707762557077,10.0,4.10614629474736,50.0,282,0,0,0,0,0
14,1,260.12459791233687,878.9867245852947,9,68941.10105809709,0,0.0,2,1281.4667633967474,0.03003003003003,0.0,4.133265295509518,50.0,137,0,0,0,0,0
12,1,282.6341911454721,840.9067487418652,9,69132.45558311148,0,0.0,1,1478.7573451241487,0.022022022022022,0.0,3.523637604389372,25.0,140,0,0,0,0,0
14,1,279.86616609751366,815.0865733623505,12,52168.91536209313,0,0.0,0,0.0,0.0179640718562874,11.5,3.2179896181547534,25.0,136,0,0,0,0,0
17,1,285.05116325947085,853.0186228752136,14,44711.36885348438,0,0.0,0,0.0,0.015,12.0,3.3763865384644625,25.0,217,0,0,1,0,0
16,1,273.04959536278733,718.5107934325933,12,52587.347275911445,0,0.0,0,0.0,0.011,12.0,3.0106777539545484,25.0,159,0,0,1,0,0
12,1,279.11742327095106,717.894978761673,10,59305.545378372815,0,0.0,0,0.0,0.009,12.0,3.2627943588135424,25.0,205,0,0,1,0,0
11,1,274.4895458371108,837.3629318475723,8,74999.78621506735,0,0.0,0,0.0,0.0110220440881763,12.0,3.259258672186631,20.0,157,0,0,1,0,0
10,1,205.2801495381593,968.0586519129574,7,92631.1941852064,0,0.0,0,0.0,0.011,13.0,3.522434078075003,20.0,159,0,0,1,0,0
9,1,176.69638399603224,1492.5182485152036,6,118307.98785889706,0,0.0,0,0.0,0.01,13.666666666666666,3.448039793588011,20.0,59,0,0,0,0,0
12,1,182.4651460731789,16933.398205272853,8,79524.3717775537,0,0.0,0,0.0,0.0090270812437311,13.25,3.356043272039191,10.0,56,0,0,0,0,0
14,1,219.25665830580775,1222.953332439065,12,29526.94619134538,0,0.0,1,633.233238151297,0.0050150451354062,13.833333333333334,2.486589127781333,10.0,5,0,0,0,0,0
18,1,221.3452369206419,5926.404489256442,10,16437.599577888286,0,0.0,7,1468.4539997002903,0.006006006006006,13.833333333333334,2.734245797882906,10.0,3,0,0,0,0,0
21,1,272.3735898634834,695.8250552862883,7,10997.357303568362,2,3377.4899064973,8,3468.150288607925,0.004004004004004,13.833333333333334,2.269117050876408,10.0,1,0,0,0,0,0
21,1,259.46465675665894,3016.373561449349,5,21880.17349810563,6,4065.2509803920975,6,2383.8699628207837,0.0040120361083249,14.5,1.8759494957613163,20.0,0,0,0,0,0,0
21,1,243.4942408364712,6736.633113574237,3,44876.99225804955,7,9870.237732324917,6,9742.41719157746,0.006,16.0,2.240612229613362,20.0,24,0,0,1,0,0
31,1,227.4818584466832,579.7269693911038,3,16555.274008195847,11,18786.13313483883,11,1920.0519614192567,0.008,14.4,2.5020698513493365,20.0,27,0,0,1,0,0
34,1,273.0503406739637,919.341606080526,3,4327.949766829613,7,24637.830482752222,17,3456.1706311384987,0.0049900199600798,13.833333333333334,1.7971710089312876,20.0,27,0,0,1,0,0
4,1,19.20984324519316,517.2372125163695,4,730.8743979167198,0,0.0,0,0.0,0.0127853881278538,12.5,2.806045047934667,25.0,58,0,0,0,0,0
4,1,4.539769662424875,425.87682837992907,4,734.9587429929525,0,0.0,0,0.0,0.014014014014014,12.5,2.526441032817783,25.0,31,0,0,0,0,0
3,1,5.179979806597864,407.3327130563557,3,769.0175743438289,0,0.0,0,0.0,0.012012012012012,10.0,2.2603329198065416,25.0,4,0,0,0,0,0
4,1,201.34847002734725,426.7555654942989,2,399.9941359497607,0,0.0,1,4346.416427358985,0.006006006006006,10.0,1.697333170274097,25.0,30,0,0,0,0,0
3,1,11.051229967161694,623.5429121777415,3,1178.0274578779909,0,0.0,0,0.0,0.006,10.0,2.046631550560948,25.0,105,0,0,0,0,0
5,1,11.192640036098364,849.3893927335739,5,1262.9131833672525,0,0.0,0,0.0,0.006,11.0,1.944932403685262,35.0,105,0,0,0,0,0
6,1,17.559940272867795,651.5832531452209,6,1503.6916665118188,0,0.0,0,0.0,0.007,18.5,2.497162862272305,35.0,112,0,0,0,0,0
8,1,31.23638704223483,1084.500923886888,8,2215.126503544392,0,0.0,0,0.0,0.01,17.0,2.9515953421936207,35.0,118,0,0,0,0,0
8,1,56.670158981699856,1348.399002313614,8,5370.753980762325,0,0.0,0,0.0,0.008,17.0,2.5377972746504835,35.0,89,0,0,0,0,0
8,1,141.26880036862804,1491.514788776636,8,23494.68372134585,0,0.0,0,0.0,0.008,17.0,2.322516069637062,35.0,21,0,0,0,0,0
7,1,147.3853383826244,1008.8715588748456,7,24632.51678407458,0,0.0,0,0.0,0.012,20.0,2.831016680547525,30.0,55,0,0,0,0,0
6,1,175.0974765683228,1528.4028787091374,6,39743.95801835321,0,0.0,0,0.0,0.0120361083249749,14.0,2.8570560441727477,30.0,129,0,0,0,0,0
6,1,180.3613687948128,332.58068919181824,5,47818.41770130396,0,0.0,0,0.0,0.008008008008008,0.0,2.31997564038615,30.0,122,18,0,0,0,0
7,1,91.96610456378752,528.5130357518792,5,17644.910612270236,0,0.0,0,0.0,0.01001001001001,0.0,2.767449837751816,30.0,162,18,0,0,0,0
10,1,176.07481738136033,1098.6464638710022,9,27946.4208236734,0,0.0,0,0.0,0.0170511534603811,14.0,3.583525579667422,30.0,158,18,0,0,0,0
11,1,185.9770660911824,3202.4600619971693,8,6365.435317720286,0,0.0,0,0.0,0.017017017017017,13.0,3.5150992007714974,30.0,206,18,0,0,0,0
15,1,283.9831668102569,6449.07993502914,9,9841.174819338652,0,0.0,1,1308.7933342158794,0.029940119760479,13.0,4.733737979496243,40.0,207,20,0,0,0,0
9,1,157.82642131793372,5995.011327244351,6,18524.02626545355,1,2403.234638588503,1,484.8429996371269,0.032064128256513,13.0,5.321947512382206,40.0,249,2,0,0,0,0
